algorithm,elo_rating
Minimax,2107.038098810967
AlphaBeta,1814.721844456084
Hybrid,1574.8401141805045
Greedy,1228.718580292602
DQN,1193.4464560066604
MCTS-500,1081.234906253184
